"0.0","0.356456","0.53156099999999995","0.53624300000000003","0.66383700000000001"
"0.016018899999999999","0.35616300000000001","0.53139800000000004","0.53628200000000004","0.66338900000000001"
"0.032009900000000001","0.35527799999999998","0.53090599999999999","0.53641399999999995","0.66202499999999997"
"0.047944899999999999","0.35378599999999999","0.53009499999999998","0.536663","0.65974600000000005"
"0.063795099999999993","0.35166500000000001","0.52900800000000003","0.53703900000000004","0.65666199999999997"
"0.079530299999999998","0.34888599999999997","0.527721","0.53752999999999995","0.65298900000000004"
"0.095118599999999998","0.34542","0.52632299999999999","0.53810999999999998","0.64897099999999996"
"0.110526","0.34123900000000001","0.52490700000000001","0.53874999999999995","0.64481999999999995"
"0.12571299999999999","0.33632600000000001","0.52355399999999996","0.53941600000000001","0.64070700000000003"
"0.14063800000000001","0.33067400000000002","0.52232999999999996","0.540076","0.63676299999999997"
"0.155246","0.32429599999999997","0.52127999999999997","0.54069900000000004","0.63309099999999996"
"0.16947100000000001","0.31723099999999999","0.52042699999999997","0.54125800000000002","0.62977399999999994"
"0.18321699999999999","0.309554","0.51977399999999996","0.54173199999999999","0.62687999999999999"
"0.19633800000000001","0.30140099999999997","0.51930600000000005","0.54211100000000001","0.62445700000000004"
"0.20857400000000001","0.29302699999999998","0.51899499999999998","0.54239300000000001","0.62254299999999996"
"0.219391","0.28496700000000003","0.51880599999999999","0.54258300000000004","0.62116199999999999"
"0.22758999999999999","0.27842","0.51870799999999995","0.54269100000000003","0.62032900000000002"
"0.23087199999999999","0.27568900000000002","0.51867799999999997","0.54272600000000004","0.62005100000000002"
"0.23119000000000001","0.27602300000000002","0.51800400000000002","0.54231799999999997","0.620641"
"0.23213500000000001","0.27701300000000001","0.51604899999999998","0.54110000000000003","0.62235300000000005"
"0.23368800000000001","0.27863100000000002","0.512988","0.53909200000000002","0.62503200000000003"
"0.23581199999999999","0.28082600000000002","0.50905900000000004","0.53633399999999998","0.62846500000000005"
"0.238459","0.28353099999999998","0.50451400000000002","0.53288599999999997","0.63242699999999996"
"0.241568","0.286659","0.49959399999999998","0.52882600000000002","0.63670700000000002"
"0.245064","0.29010799999999998","0.49452000000000002","0.52424499999999996","0.64111899999999999"
"0.24886","0.29376099999999999","0.48949399999999998","0.51924599999999999","0.645505"
"0.252857","0.297487","0.484707","0.51393800000000001","0.64973000000000003"
"0.25694","0.30114800000000003","0.48033599999999999","0.50843899999999997","0.65367699999999995"
"0.26097900000000002","0.30460300000000001","0.47654999999999997","0.50287700000000002","0.65724499999999997"
"0.26482899999999998","0.30771700000000002","0.47350100000000001","0.49739299999999997","0.66034800000000005"
"0.26832899999999998","0.31037399999999998","0.47131200000000001","0.492147","0.66290899999999997"
"0.27130900000000002","0.31248799999999999","0.47004699999999999","0.48732900000000001","0.66487600000000002"
"0.27359600000000001","0.31400800000000001","0.46967100000000001","0.48319400000000001","0.66623200000000005"
"0.27504099999999998","0.31491799999999998","0.46993200000000002","0.480157","0.66700800000000005"
"0.27553499999999997","0.31522099999999997","0.470194","0.47895900000000002","0.66725900000000005"
"0.27445799999999998","0.31478","0.46908899999999998","0.48180099999999998","0.66652400000000001"
"0.27097100000000002","0.31384699999999999","0.46796900000000002","0.48795899999999998","0.66457200000000005"
"0.26456600000000002","0.31327899999999997","0.46823900000000002","0.49556800000000001","0.66175799999999996"
"0.25501499999999999","0.313753","0.47004400000000002","0.50384600000000002","0.65834800000000004"
"0.24259","0.31543900000000002","0.47323799999999999","0.512235","0.65461599999999998"
"0.22780700000000001","0.31818099999999999","0.47759800000000002","0.52025500000000002","0.65087399999999995"
"0.211176","0.321741","0.482877","0.52747299999999997","0.64747600000000005"
"0.193104","0.32588899999999998","0.48882300000000001","0.53351199999999999","0.64479699999999995"
"0.173901","0.33041199999999998","0.49517899999999998","0.53807499999999997","0.64318799999999998"
"0.15380199999999999","0.33511200000000002","0.50168199999999996","0.54101200000000005","0.64290599999999998"
"0.132989","0.33979199999999998","0.50807000000000002","0.54237199999999997","0.64404799999999995"
"0.11161","0.34424900000000003","0.51408699999999996","0.54240500000000003","0.64652299999999996"
"0.089787000000000006","0.34828100000000001","0.51950200000000002","0.54149599999999998","0.65007599999999999"
"0.067624500000000004","0.351686","0.52412199999999998","0.54005599999999998","0.65431600000000001"
"0.045216100000000002","0.35427799999999998","0.52781500000000003","0.53844499999999995","0.65868700000000002"
"0.022647500000000001","0.35590300000000002","0.53045299999999995","0.53697499999999998","0.66231499999999999"
"0.0","0.356456","0.53156099999999995","0.53624300000000003","0.66383700000000001"
"0.0","0.36800899999999998","0.53706799999999999","0.53975399999999996","0.714009"
"0.016449700000000001","0.36771599999999999","0.53680899999999998","0.53987499999999999","0.712032"
"0.032869200000000001","0.36682900000000002","0.53610500000000005","0.54017400000000004","0.70790399999999998"
"0.049227600000000003","0.36533399999999999","0.53507099999999996","0.54057299999999997","0.70300799999999997"
"0.065493399999999993","0.36320599999999997","0.53379200000000004","0.54103999999999997","0.69780799999999998"
"0.081633300000000006","0.36041699999999999","0.53234700000000001","0.54156000000000004","0.69252899999999995"
"0.097611799999999999","0.356937","0.53081599999999995","0.54212199999999999","0.68731399999999998"
"0.11339","0.35273900000000002","0.52927900000000005","0.54271199999999997","0.68226500000000001"
"0.12892400000000001","0.34780800000000001","0.52781199999999995","0.54330800000000001","0.67746300000000004"
"0.14416100000000001","0.34214099999999997","0.52647299999999997","0.54389200000000004","0.67297700000000005"
"0.15903900000000001","0.33576099999999998","0.52530699999999997","0.54444300000000001","0.66886900000000005"
"0.17347299999999999","0.32871899999999998","0.524335","0.54494299999999996","0.66519399999999995"
"0.18734500000000001","0.32111400000000001","0.52356400000000003","0.54537599999999997","0.66200000000000003"
"0.20046800000000001","0.31312099999999998","0.52298199999999995","0.54573400000000005","0.65932999999999997"
"0.21252199999999999","0.30505500000000002","0.52256899999999995","0.54601100000000002","0.65721700000000005"
"0.22289999999999999","0.29752400000000001","0.52229800000000004","0.54620599999999997","0.65568899999999997"
"0.23042899999999999","0.29170200000000002","0.52214799999999995","0.54632199999999997","0.65476500000000004"
"0.23330400000000001","0.28939700000000002","0.52209899999999998","0.54635999999999996","0.65445600000000004"
"0.23361899999999999","0.28975400000000001","0.521513","0.54600499999999996","0.65503900000000004"
"0.23455799999999999","0.29081499999999999","0.51979900000000001","0.54494399999999998","0.65674600000000005"
"0.236099","0.292549","0.51708100000000001","0.54319399999999995","0.65946000000000005"
"0.238204","0.29490499999999997","0.51353800000000005","0.54078000000000004","0.66301399999999999"
"0.24082400000000001","0.29781400000000002","0.50937500000000002","0.53774299999999997","0.66721699999999995"
"0.243895","0.30118800000000001","0.50480800000000003","0.53413299999999997","0.67187699999999995"
"0.24734","0.30492000000000002","0.50004300000000002","0.53001399999999999","0.67681000000000002"
"0.25106899999999999","0.30889100000000003","0.49528499999999998","0.52546000000000004","0.68184599999999995"
"0.25497900000000001","0.31296400000000002","0.49072700000000002","0.52056000000000002","0.68683099999999997"
"0.25895499999999999","0.31699500000000003","0.48655599999999999","0.51541400000000004","0.69162100000000004"
"0.26286599999999999","0.32083299999999998","0.48295199999999999","0.51013799999999998","0.69608300000000001"
"0.266569","0.32432899999999998","0.480076","0.50486600000000004","0.70009399999999999"
"0.26990999999999998","0.32735199999999998","0.47805700000000001","0.499755","0.70353900000000003"
"0.272731","0.329791","0.47696499999999997","0.49499799999999999","0.706314"
"0.27488200000000002","0.33157199999999998","0.47675699999999999","0.49085800000000002","0.70833199999999996"
"0.276231","0.332652","0.47716399999999998","0.48777399999999999","0.70954099999999998"
"0.27669100000000002","0.33301399999999998","0.47749200000000003","0.48654199999999997","0.70993899999999999"
"0.275727","0.33238800000000002","0.47648299999999999","0.48925099999999999","0.70925099999999996"
"0.27262700000000001","0.33086300000000002","0.475462","0.49518299999999998","0.70732399999999995"
"0.26690599999999998","0.32930500000000001","0.47578999999999999","0.50248800000000005","0.70440700000000001"
"0.25816899999999998","0.32859100000000002","0.47761500000000001","0.51034900000000005","0.70078799999999997"
"0.24643000000000001","0.32917600000000002","0.48078500000000002","0.51819599999999999","0.69680399999999998"
"0.23207","0.33105800000000002","0.48507299999999998","0.52556599999999998","0.69282200000000005"
"0.21559600000000001","0.33400999999999997","0.49022700000000002","0.53208","0.68921399999999999"
"0.197465","0.33775500000000003","0.49599300000000002","0.53744199999999998","0.68633699999999997"
"0.178041","0.34203099999999997","0.50211300000000003","0.54146399999999995","0.68450800000000001"
"0.15760399999999999","0.34659499999999999","0.50833399999999995","0.54408000000000001","0.68396999999999997"
"0.13636899999999999","0.35121400000000003","0.51440399999999997","0.54536700000000005","0.68487500000000001"
"0.11450399999999999","0.35566300000000001","0.52009000000000005","0.54552800000000001","0.68726799999999999"
"0.092149499999999995","0.35971900000000001","0.52518900000000002","0.54485300000000003","0.69110199999999999"
"0.069422399999999995","0.36316199999999998","0.52954699999999999","0.54365300000000005","0.69623999999999997"
"0.046426700000000001","0.36579299999999998","0.53308100000000003","0.54219799999999996","0.70244200000000001"
"0.023256300000000001","0.36744599999999999","0.53574699999999997","0.54069999999999996","0.70922300000000005"
"0.0","0.36800899999999998","0.53706799999999999","0.53975399999999996","0.714009"
"0.0","0.36615500000000001","0.52707800000000005","0.53012599999999999","0.70358699999999996"
"0.016227800000000001","0.36585000000000001","0.52675300000000003","0.53033799999999998","0.70206400000000002"
"0.032425599999999999","0.36492799999999997","0.52593900000000005","0.53082300000000004","0.69854700000000003"
"0.048563099999999998","0.363375","0.52484600000000003","0.53140299999999996","0.69415099999999996"
"0.064608899999999997","0.36116900000000002","0.52358700000000002","0.53201299999999996","0.68937199999999998"
"0.080530199999999996","0.35828399999999999","0.52224199999999998","0.53263199999999999","0.68446899999999999"
"0.096291799999999997","0.35469499999999998","0.52087899999999998","0.53325","0.67960399999999999"
"0.111856","0.35038000000000002","0.51956800000000003","0.53385499999999997","0.67489100000000002"
"0.12717800000000001","0.345329","0.51836499999999996","0.53443399999999996","0.67041700000000004"
"0.142208","0.33954899999999999","0.51731700000000003","0.53496999999999995","0.66625199999999996"
"0.15688199999999999","0.33306799999999998","0.51645099999999999","0.53544999999999998","0.66245399999999999"
"0.17111699999999999","0.32594600000000001","0.51577600000000001","0.53585899999999997","0.65907400000000005"
"0.18479499999999999","0.31828800000000002","0.51528499999999999","0.536192","0.65615199999999996"
"0.19772799999999999","0.310276","0.51495400000000002","0.53644599999999998","0.65372300000000005"
"0.20959700000000001","0.30222900000000003","0.51475000000000004","0.53662799999999999","0.65181"
"0.21979499999999999","0.29475699999999999","0.51463899999999996","0.53674599999999995","0.65043300000000004"
"0.22716900000000001","0.289016","0.51458599999999999","0.53681100000000004","0.64960200000000001"
"0.22997400000000001","0.28675499999999998","0.51457200000000003","0.53683099999999995","0.64932500000000004"
"0.23028699999999999","0.28710999999999998","0.51395900000000005","0.53653200000000001","0.64988299999999999"
"0.23121700000000001","0.288163","0.51217699999999999","0.53562500000000002","0.65152200000000005"
"0.23274300000000001","0.289885","0.50936800000000004","0.53409099999999998","0.65413600000000005"
"0.23482900000000001","0.29222500000000001","0.50573400000000002","0.53192399999999995","0.65757299999999996"
"0.237425","0.29511500000000002","0.50149200000000005","0.52913299999999996","0.66165600000000002"
"0.24046899999999999","0.29846499999999998","0.49686000000000002","0.525756","0.66620199999999996"
"0.24388599999999999","0.30217300000000002","0.49204799999999999","0.52184799999999998","0.67103599999999997"
"0.247586","0.30611699999999997","0.48725200000000002","0.51748300000000003","0.67598899999999995"
"0.25146800000000002","0.31016300000000002","0.48266300000000001","0.51275199999999999","0.68090799999999996"
"0.25541700000000001","0.31416500000000003","0.478466","0.50775700000000001","0.68564499999999995"
"0.25930599999999998","0.31797300000000001","0.47483399999999998","0.50261800000000001","0.69006100000000004"
"0.26299","0.32144","0.47192400000000001","0.497475","0.69401999999999997"
"0.26631700000000003","0.324432","0.46985500000000002","0.49249300000000001","0.69738699999999998"
"0.26912999999999998","0.32684299999999999","0.46868399999999999","0.48787900000000001","0.70002399999999998"
"0.27127499999999999","0.3286","0.46834700000000001","0.48391699999999999","0.70181800000000005"
"0.272621","0.32966400000000001","0.46856300000000001","0.48105399999999998","0.70277299999999998"
"0.27308100000000002","0.33001999999999998","0.46876699999999999","0.47995700000000002","0.70305700000000004"
"0.272094","0.32947700000000002","0.46776299999999998","0.482574","0.70227099999999998"
"0.26894600000000002","0.32816699999999999","0.46655000000000002","0.48845899999999998","0.70021199999999995"
"0.26320399999999999","0.32686900000000002","0.46656799999999998","0.49571599999999999","0.69723599999999997"
"0.25452399999999997","0.32637500000000003","0.46806799999999998","0.50346500000000005","0.69362199999999996"
"0.24293500000000001","0.327102","0.47094399999999997","0.51112800000000003","0.68967299999999998"
"0.228794","0.32905899999999999","0.47498099999999999","0.51825299999999996","0.685728"
"0.21257699999999999","0.33204699999999998","0.47993000000000002","0.52447999999999995","0.68213199999999996"
"0.19472500000000001","0.335808","0.485537","0.52954299999999999","0.67921699999999996"
"0.17559","0.34009099999999998","0.49154399999999998","0.53327599999999997","0.67727800000000005"
"0.155449","0.34466000000000002","0.49769600000000003","0.535636","0.67654899999999996"
"0.13451199999999999","0.34928700000000001","0.50374300000000005","0.53670700000000005","0.67717799999999995"
"0.112951","0.35374800000000001","0.50945200000000002","0.53668899999999997","0.67922300000000002"
"0.090902300000000005","0.35781800000000002","0.51461999999999997","0.53585700000000003","0.68265500000000001"
"0.068484400000000001","0.36127799999999999","0.51909400000000006","0.534501","0.68735900000000005"
"0.045799899999999998","0.36392400000000003","0.52278599999999997","0.53287499999999999","0.69310799999999995"
"0.022942500000000001","0.36558800000000002","0.52563899999999997","0.53118900000000002","0.69938900000000004"
"0.0","0.36615500000000001","0.52707800000000005","0.53012599999999999","0.70358699999999996"
"0.0","0.36551499999999998","0.53791699999999998","0.54182200000000003","0.69779199999999997"
"0.016369499999999999","0.36521900000000002","0.53765200000000002","0.54195499999999996","0.69675200000000004"
"0.032709099999999998","0.36432599999999998","0.53692899999999999","0.542296","0.69398000000000004"
"0.048988400000000001","0.362821","0.53586800000000001","0.54275600000000002","0.69010800000000005"
"0.065176300000000006","0.36068","0.53457200000000005","0.54328500000000002","0.68563700000000005"
"0.081240099999999996","0.35787600000000003","0.53312499999999996","0.54386100000000004","0.68089900000000003"
"0.097144999999999995","0.35437999999999997","0.53160799999999997","0.54446700000000003","0.67611200000000005"
"0.11285299999999999","0.350165","0.53010199999999996","0.54508500000000004","0.67142299999999999"
"0.12832199999999999","0.345217","0.52867699999999995","0.54569599999999996","0.66694200000000003"
"0.14350199999999999","0.33953299999999997","0.52739000000000003","0.54627800000000004","0.66275300000000004"
"0.158332","0.33313199999999998","0.52628200000000003","0.54681100000000005","0.65892499999999998"
"0.172732","0.32606400000000002","0.52537400000000001","0.54727800000000004","0.65551300000000001"
"0.18659100000000001","0.31842199999999998","0.52466599999999997","0.54766700000000001","0.65256199999999998"
"0.19973299999999999","0.31036900000000001","0.52414400000000005","0.54797300000000004","0.65010800000000002"
"0.21185200000000001","0.302207","0.52378400000000003","0.54819700000000005","0.648177"
"0.222356","0.29452699999999998","0.52355700000000005","0.54834799999999995","0.64678800000000003"
"0.23005800000000001","0.28851900000000003","0.52343300000000004","0.54843299999999995","0.64595000000000002"
"0.23302999999999999","0.286111","0.52339400000000003","0.54846099999999998","0.64567099999999999"
"0.233348","0.28645799999999999","0.52277499999999999","0.54810899999999996","0.64624800000000004"
"0.234292","0.28748899999999999","0.52096900000000002","0.54705400000000004","0.64793599999999996"
"0.235842","0.28917399999999999","0.51812400000000003","0.54530000000000001","0.65060899999999999"
"0.23796200000000001","0.29146","0.51444299999999998","0.54286699999999999","0.65409099999999998"
"0.24060100000000001","0.29427799999999998","0.51015100000000002","0.53978700000000002","0.65818399999999999"
"0.243696","0.29753800000000002","0.50547299999999995","0.53611399999999998","0.66268899999999997"
"0.247172","0.30113600000000001","0.50062600000000002","0.53191699999999997","0.66742199999999996"
"0.25094","0.30495100000000003","0.49581199999999997","0.527277","0.67221500000000001"
"0.25489600000000001","0.30884600000000001","0.49122500000000002","0.52229000000000003","0.67691599999999996"
"0.25892700000000002","0.31268099999999999","0.48704799999999998","0.517065","0.68138699999999996"
"0.26290000000000002","0.31630799999999998","0.48345300000000002","0.51172300000000004","0.68550100000000003"
"0.26667099999999999","0.31958799999999998","0.48059400000000002","0.50640399999999997","0.68913599999999997"
"0.27008399999999999","0.32239899999999999","0.47858699999999998","0.50127200000000005","0.69217899999999999"
"0.27297500000000002","0.32464700000000002","0.47748699999999999","0.49652800000000002","0.69452199999999997"
"0.27518300000000001","0.32627299999999998","0.47723100000000002","0.49244900000000003","0.69609900000000002"
"0.27657199999999998","0.32725300000000002","0.47753499999999999","0.48947800000000002","0.69695399999999996"
"0.27704699999999999","0.32757900000000001","0.47778700000000002","0.48832599999999998","0.69721599999999995"
"0.27602399999999999","0.32708900000000002","0.47667700000000002","0.49107299999999998","0.69649099999999997"
"0.27274700000000002","0.32595099999999999","0.47536299999999998","0.497141","0.69455999999999996"
"0.26675399999999999","0.32495299999999999","0.47534399999999999","0.50459200000000004","0.69175600000000004"
"0.25772699999999998","0.32484000000000002","0.47686099999999998","0.51257299999999995","0.68834099999999998"
"0.24575900000000001","0.32594499999999998","0.47980400000000001","0.52051599999999998","0.68459499999999995"
"0.231267","0.32821600000000001","0.483958","0.52796299999999996","0.680836"
"0.21474299999999999","0.33143099999999998","0.48907200000000001","0.53453799999999996","0.67740599999999995"
"0.19662099999999999","0.33534000000000003","0.49488500000000002","0.53994399999999998","0.67464299999999999"
"0.17724500000000001","0.33970600000000001","0.50113399999999997","0.54398599999999997","0.67285700000000004"
"0.15687799999999999","0.34430500000000003","0.50754999999999995","0.54659500000000005","0.67229300000000003"
"0.13572799999999999","0.34892299999999998","0.51387000000000005","0.54784500000000003","0.67309699999999995"
"0.113959","0.35334399999999999","0.519845","0.54794399999999999","0.67530800000000002"
"0.091706300000000004","0.35735600000000001","0.52525200000000005","0.54718500000000003","0.67885700000000004"
"0.069086400000000006","0.36075200000000002","0.529918","0.54588400000000004","0.683562"
"0.046200900000000003","0.36333900000000002","0.53373099999999996","0.54431600000000002","0.68908499999999995"
"0.023142900000000001","0.36496200000000001","0.53659299999999999","0.54273199999999999","0.69467599999999996"
"0.0","0.36551499999999998","0.53791699999999998","0.54182200000000003","0.69779199999999997"
"0.0","0.36915700000000001","0.54144599999999998","0.54502499999999998","0.71202200000000004"
"0.016521999999999998","0.36885400000000002","0.54112800000000005","0.54522400000000004","0.71018300000000001"
"0.033013199999999999","0.36793999999999999","0.54030999999999996","0.54569599999999996","0.70630899999999996"
"0.049442800000000002","0.36640099999999998","0.53918500000000003","0.54627800000000004","0.70166399999999995"
"0.065778600000000007","0.36421399999999998","0.53787300000000005","0.54689900000000002","0.69669999999999999"
"0.081987400000000002","0.36135299999999998","0.53645600000000004","0.54753399999999997","0.69165299999999996"
"0.098033599999999999","0.35779","0.53500899999999996","0.54816799999999999","0.68667599999999995"
"0.11387899999999999","0.35350100000000001","0.53360200000000002","0.54878700000000002","0.68187900000000001"
"0.12947900000000001","0.34847299999999998","0.53229800000000005","0.54937599999999998","0.67734499999999997"
"0.144784","0.34270600000000001","0.53114600000000001","0.54991599999999996","0.67314099999999999"
"0.15973200000000001","0.33622400000000002","0.53017800000000004","0.55039099999999996","0.66932400000000003"
"0.17424200000000001","0.32907599999999998","0.52940699999999996","0.55078899999999997","0.66593999999999998"
"0.18820000000000001","0.32135900000000001","0.52883000000000002","0.55110400000000004","0.66302799999999995"
"0.201429","0.31324000000000002","0.52842599999999995","0.55133699999999997","0.66061499999999995"
"0.213616","0.30502499999999999","0.528165","0.55149499999999996","0.65872399999999998"
"0.224164","0.29731299999999999","0.52801100000000001","0.551593","0.65736600000000001"
"0.231882","0.291296","0.52793400000000001","0.55164299999999999","0.65654900000000005"
"0.23485300000000001","0.28889100000000001","0.52791100000000002","0.55165900000000001","0.65627599999999997"
"0.23516899999999999","0.28924699999999998","0.52732599999999996","0.55127700000000002","0.65687499999999999"
"0.23610999999999999","0.29030600000000001","0.52561400000000003","0.55014200000000002","0.65862500000000002"
"0.237652","0.29203499999999999","0.52289099999999999","0.54828699999999997","0.66139700000000001"
"0.23976","0.29438599999999998","0.51933300000000004","0.54575799999999997","0.66501200000000005"
"0.24238199999999999","0.29728900000000003","0.51514300000000002","0.54260900000000001","0.669265"
"0.24545400000000001","0.30065599999999998","0.51053300000000001","0.53890099999999996","0.673956"
"0.24889800000000001","0.30438300000000001","0.505714","0.53470200000000001","0.67889500000000003"
"0.25262299999999999","0.30834899999999998","0.500888","0.53009099999999998","0.68391000000000002"
"0.25652700000000001","0.31242300000000001","0.49624699999999999","0.52515900000000004","0.68884500000000004"
"0.260492","0.31645899999999999","0.49197800000000003","0.52000800000000003","0.69355500000000003"
"0.26438800000000001","0.32030799999999998","0.48825299999999999","0.51475800000000005","0.697905"
"0.26807199999999998","0.32382499999999997","0.48522900000000002","0.50954999999999995","0.70175900000000002"
"0.27139200000000002","0.32687500000000003","0.48302499999999998","0.504548","0.70497299999999996"
"0.27419300000000002","0.32934600000000003","0.48170299999999999","0.49995600000000001","0.70736299999999996"
"0.27632400000000001","0.33115800000000001","0.48120800000000002","0.49605300000000002","0.70876799999999995"
"0.27766099999999999","0.33226099999999997","0.48128799999999999","0.49326300000000001","0.70935400000000004"
"0.27811599999999997","0.33262999999999998","0.48143200000000003","0.492203","0.70949899999999999"
"0.27711400000000003","0.33210600000000001","0.480321","0.49493999999999999","0.70877000000000001"
"0.27390900000000001","0.33085599999999998","0.47898400000000002","0.50099300000000002","0.70681499999999997"
"0.26804600000000001","0.32966099999999998","0.47893400000000003","0.50841099999999995","0.70394100000000004"
"0.25917499999999999","0.32930199999999998","0.48042299999999999","0.51632999999999996","0.700407"
"0.24734","0.33016499999999999","0.48334500000000002","0.52418100000000001","0.69650900000000004"
"0.23291799999999999","0.33223799999999998","0.48748200000000003","0.53151199999999998","0.69257999999999997"
"0.21639800000000001","0.33530799999999999","0.49258200000000002","0.53795899999999996","0.68896900000000005"
"0.19822100000000001","0.339117","0.49838300000000002","0.54324499999999998","0.68601900000000005"
"0.17874499999999999","0.343418","0.50461699999999998","0.54719399999999996","0.68403899999999995"
"0.158245","0.34797800000000001","0.51101600000000003","0.54975200000000002","0.683284"
"0.136936","0.352574","0.51731899999999997","0.55099500000000001","0.68391999999999997"
"0.11498999999999999","0.356985","0.52327599999999996","0.55112099999999997","0.68601999999999996"
"0.092545600000000006","0.36099399999999998","0.52866899999999994","0.55040699999999998","0.68956399999999995"
"0.069723900000000005","0.36438900000000002","0.53332900000000005","0.54914600000000002","0.69444399999999995"
"0.0466296","0.366979","0.53715500000000005","0.54759800000000003","0.70044399999999996"
"0.023358400000000001","0.36860300000000001","0.54005800000000004","0.54599200000000003","0.70711800000000002"
"0.0","0.36915700000000001","0.54144599999999998","0.54502499999999998","0.71202200000000004"
"0.0","0.37207299999999999","0.52603999999999995","0.52847200000000005","0.72043100000000004"
"0.0163594","0.371757","0.52561800000000003","0.52879699999999996","0.717275"
"0.032687500000000001","0.37080200000000002","0.52468099999999995","0.52945299999999995","0.71260199999999996"
"0.048952700000000002","0.36919400000000002","0.52353099999999997","0.53016799999999997","0.70767599999999997"
"0.065121999999999999","0.36691499999999999","0.52228200000000002","0.53087099999999998","0.70268699999999995"
"0.081161300000000006","0.36393799999999998","0.52100299999999999","0.53154800000000002","0.69774599999999998"
"0.097033499999999995","0.36024200000000001","0.519756","0.53219099999999997","0.69293700000000003"
"0.11269800000000001","0.35581200000000002","0.518598","0.53279299999999996","0.68833200000000005"
"0.128109","0.35064299999999998","0.51757699999999995","0.53334400000000004","0.68399100000000002"
"0.14321200000000001","0.34474900000000003","0.51672799999999997","0.533833","0.67997099999999999"
"0.157938","0.33817000000000003","0.51606700000000005","0.53424899999999997","0.676319"
"0.17219699999999999","0.33097599999999999","0.515594","0.53458700000000003","0.67307899999999998"
"0.185859","0.32328699999999999","0.51529100000000005","0.53484399999999999","0.67028399999999999"
"0.19872200000000001","0.31530399999999997","0.51512800000000003","0.535026","0.667964"
"0.21044099999999999","0.30737199999999998","0.51506399999999997","0.53514200000000001","0.66614099999999998"
"0.22039400000000001","0.30012","0.51505699999999999","0.53520900000000005","0.664829"
"0.227468","0.29466399999999998","0.51507000000000003","0.53524099999999997","0.66403800000000002"
"0.23011499999999999","0.29255599999999998","0.51507800000000004","0.53525","0.66377399999999998"
"0.23042499999999999","0.29292400000000002","0.51446800000000004","0.53499300000000005","0.66434099999999996"
"0.231347","0.29401699999999997","0.51269399999999998","0.53420599999999996","0.66601100000000002"
"0.23285900000000001","0.29580499999999998","0.509903","0.53285400000000005","0.66868899999999998"
"0.234926","0.29823699999999997","0.50629299999999999","0.53090700000000002","0.67224099999999998"
"0.23749600000000001","0.30124600000000001","0.50207800000000002","0.52836000000000005","0.67650399999999999"
"0.240507","0.30474200000000001","0.49747000000000002","0.52523500000000001","0.681307"
"0.24388099999999999","0.30862099999999998","0.49267100000000003","0.52157799999999999","0.68647999999999998"
"0.247531","0.31276100000000001","0.48787700000000001","0.51745399999999997","0.69185799999999997"
"0.25135299999999999","0.317027","0.48327399999999998","0.51294499999999998","0.69728199999999996"
"0.25523299999999999","0.321268","0.479047","0.50815100000000002","0.70259700000000003"
"0.25904300000000002","0.32532899999999998","0.47537000000000001","0.503189","0.70765"
"0.26264199999999999","0.32905200000000001","0.47240100000000002","0.498199","0.712287"
"0.26588400000000001","0.332291","0.47026200000000001","0.49335000000000001","0.71635099999999996"
"0.26861400000000002","0.334922","0.46900599999999998","0.48885800000000001","0.71967999999999999"
"0.27068999999999999","0.33685500000000002","0.46856599999999998","0.48501899999999998","0.72210200000000002"
"0.27199099999999998","0.338032","0.468667","0.48227999999999999","0.72345400000000004"
"0.27243400000000001","0.33842699999999998","0.468808","0.48124699999999998","0.72382800000000003"
"0.27148","0.337837","0.46784199999999998","0.48378300000000002","0.72288300000000005"
"0.26845000000000002","0.33636500000000003","0.46659899999999999","0.489568","0.72053500000000004"
"0.26294699999999999","0.334758","0.46652300000000002","0.49670500000000001","0.71712500000000001"
"0.25461099999999998","0.33383000000000002","0.46790900000000002","0.50427100000000002","0.71295200000000003"
"0.24338499999999999","0.33408599999999999","0.47066599999999997","0.51168199999999997","0.70837899999999998"
"0.229546","0.33562599999999998","0.474582","0.51849999999999996","0.70379000000000003"
"0.213533","0.33829100000000001","0.479408","0.52439199999999997","0.69955100000000003"
"0.19578699999999999","0.34182699999999999","0.48488799999999999","0.52912599999999999","0.69600300000000004"
"0.176678","0.345966","0.49076399999999998","0.53257200000000005","0.69343900000000003"
"0.156499","0.35045700000000002","0.49678299999999997","0.53471000000000002","0.69209600000000004"
"0.13547899999999999","0.35505599999999998","0.50270199999999998","0.53563099999999997","0.69213999999999998"
"0.113799","0.35952200000000001","0.50829599999999997","0.535524","0.693662"
"0.091606499999999993","0.36362100000000003","0.51337299999999997","0.534636","0.69667999999999997"
"0.069026599999999994","0.36712","0.51779299999999995","0.53323299999999996","0.70115000000000005"
"0.046167800000000002","0.36980400000000002","0.52148399999999995","0.53153899999999998","0.70696300000000001"
"0.023128300000000001","0.37149500000000002","0.52441800000000005","0.52973199999999998","0.71392699999999998"
"0.0","0.37207299999999999","0.52603999999999995","0.52847200000000005","0.72043100000000004"
"0.0","0.37208200000000002","0.55177600000000004","0.55494500000000002","0.72531400000000001"
"0.016768999999999999","0.371782","0.55145100000000002","0.55514399999999997","0.72235099999999997"
"0.033506899999999999","0.37087799999999999","0.550624","0.55560699999999996","0.71763699999999997"
"0.050182200000000003","0.36935400000000002","0.54948699999999995","0.556172","0.71244499999999999"
"0.066762299999999997","0.36718699999999999","0.54815100000000005","0.55677699999999997","0.70707299999999995"
"0.083213499999999996","0.36435099999999998","0.54669500000000004","0.55740000000000001","0.70169700000000002"
"0.099499900000000002","0.360815","0.54519200000000001","0.55803100000000005","0.69643999999999995"
"0.115582","0.35655300000000001","0.54371400000000003","0.55865500000000001","0.69139099999999998"
"0.13141800000000001","0.35154800000000003","0.54232599999999997","0.559257","0.68662500000000004"
"0.146955","0.34579700000000002","0.54108199999999995","0.55981700000000001","0.68220599999999998"
"0.162133","0.33931699999999998","0.540018","0.56031699999999995","0.67818999999999996"
"0.176872","0.332154","0.53915199999999996","0.56074500000000005","0.67462299999999997"
"0.19106100000000001","0.32439499999999999","0.53848399999999996","0.56109100000000001","0.67154800000000003"
"0.20452500000000001","0.31619900000000001","0.537999","0.56135400000000002","0.66899399999999998"
"0.21696099999999999","0.30786400000000003","0.53766999999999998","0.56154000000000004","0.66698800000000003"
"0.22777600000000001","0.29997800000000002","0.537466","0.56165900000000002","0.66554500000000005"
"0.23575099999999999","0.29376000000000002","0.53735699999999997","0.561724","0.66467600000000004"
"0.238847","0.29124899999999998","0.537323","0.56174500000000005","0.66438600000000003"
"0.23916399999999999","0.29161300000000001","0.53678499999999996","0.56126799999999999","0.66503100000000004"
"0.24010799999999999","0.29269299999999998","0.53520000000000001","0.55987100000000001","0.66691100000000003"
"0.24165600000000001","0.29445900000000003","0.53264800000000001","0.557647","0.669875"
"0.24376999999999999","0.29686099999999999","0.52926399999999996","0.55470699999999995","0.67371400000000004"
"0.246396","0.29983199999999999","0.52521700000000004","0.55116100000000001","0.67820000000000003"
"0.24947","0.303284","0.52070399999999994","0.54710099999999995","0.68311500000000003"
"0.25291000000000002","0.307114","0.51592800000000005","0.54261000000000004","0.68825899999999995"
"0.25662600000000002","0.31120399999999998","0.51109099999999996","0.53776800000000002","0.69345699999999999"
"0.26051099999999999","0.31542100000000001","0.50639299999999998","0.53266100000000005","0.69855100000000003"
"0.26444699999999999","0.31962200000000002","0.50202199999999997","0.52738799999999997","0.703399"
"0.26830300000000001","0.32365500000000003","0.49815900000000002","0.52206200000000003","0.70787199999999995"
"0.27193800000000001","0.32736999999999999","0.49496400000000002","0.51681900000000003","0.71184499999999995"
"0.275204","0.330621","0.49257000000000001","0.51181699999999997","0.71519100000000002"
"0.27794799999999997","0.33328200000000002","0.49105399999999999","0.50725200000000004","0.71773799999999999"
"0.28003099999999997","0.33525199999999999","0.49039100000000002","0.50338499999999997","0.71921199999999996"
"0.28133399999999997","0.33645999999999998","0.490365","0.50061500000000003","0.71969399999999994"
"0.28177799999999997","0.336868","0.490479","0.49955500000000003","0.71978200000000003"
"0.28079999999999999","0.33626299999999998","0.48935000000000001","0.502382","0.71907500000000002"
"0.27765400000000001","0.33479900000000001","0.48816500000000002","0.50848700000000002","0.71713400000000005"
"0.271837","0.33333099999999999","0.488371","0.51595299999999999","0.71421199999999996"
"0.26294899999999999","0.33272000000000002","0.49013400000000001","0.52396900000000002","0.71057599999999999"
"0.25100699999999998","0.33339999999999997","0.493313","0.53197300000000003","0.70654499999999998"
"0.236401","0.33535700000000002","0.49767600000000001","0.53950600000000004","0.70247800000000005"
"0.219643","0.33835999999999999","0.50296700000000005","0.54618599999999995","0.69874599999999998"
"0.20119500000000001","0.34213199999999999","0.50892099999999996","0.55172100000000002","0.69571300000000003"
"0.181425","0.346412","0.51527100000000003","0.55591299999999999","0.69370799999999999"
"0.16061500000000001","0.35095999999999999","0.52174799999999999","0.55869400000000002","0.69299699999999997"
"0.138986","0.35554599999999997","0.52808699999999997","0.56013000000000002","0.69375799999999999"
"0.11670999999999999","0.35994799999999999","0.53404099999999999","0.56042000000000003","0.69606199999999996"
"0.093929600000000002","0.36394700000000002","0.53939000000000004","0.55984800000000001","0.69988600000000001"
"0.070766599999999999","0.36733199999999999","0.54396800000000001","0.55872299999999997","0.70511800000000002"
"0.047326899999999998","0.36991200000000002","0.547678","0.55731399999999998","0.71156200000000003"
"0.023707700000000002","0.37153000000000003","0.55045500000000003","0.555844","0.71887900000000005"
"0.0","0.37208200000000002","0.55177600000000004","0.55494500000000002","0.72531400000000001"
"0.0","0.37076100000000001","0.55480200000000002","0.55893499999999996","0.71511800000000003"
"0.0167578","0.37047099999999999","0.55454800000000004","0.55903599999999998","0.71323700000000001"
"0.0334845","0.36959799999999998","0.55382699999999996","0.55930999999999997","0.70927700000000005"
"0.050148900000000003","0.36812499999999998","0.552728","0.55970299999999995","0.70452400000000004"
"0.066718600000000003","0.36602899999999999","0.55133900000000002","0.56018400000000002","0.699438"
"0.083159700000000003","0.36327900000000002","0.54974599999999996","0.56072999999999995","0.69426100000000002"
"0.099436399999999994","0.35984300000000002","0.54803900000000005","0.56132499999999996","0.68914799999999998"
"0.115509","0.35569200000000001","0.54630800000000002","0.56194599999999995","0.68420899999999996"
"0.13133500000000001","0.35080499999999998","0.54463300000000003","0.56257100000000004","0.67952999999999997"
"0.14686099999999999","0.34517500000000001","0.54308299999999998","0.56317700000000004","0.67518"
"0.162027","0.338814","0.541709","0.56373899999999999","0.67121900000000001"
"0.17675099999999999","0.33176699999999998","0.540543","0.56423900000000005","0.66769699999999998"
"0.19091900000000001","0.32411800000000002","0.53959599999999996","0.56466300000000003","0.66465700000000005"
"0.20435500000000001","0.316027","0.53886299999999998","0.565002","0.66213299999999997"
"0.216752","0.30779200000000001","0.53832899999999995","0.56525700000000001","0.66014799999999996"
"0.22751199999999999","0.30000599999999999","0.53797099999999998","0.56543100000000002","0.658721"
"0.23542299999999999","0.29387799999999997","0.53776599999999997","0.56553100000000001","0.65786100000000003"
"0.238486","0.29141","0.53769999999999996","0.56556399999999996","0.65757399999999999"
"0.23880799999999999","0.29176200000000002","0.53709700000000005","0.56515400000000005","0.65819499999999997"
"0.23976700000000001","0.29280499999999998","0.53533299999999995","0.56393800000000005","0.66000400000000004"
"0.241341","0.29450900000000002","0.53254199999999996","0.56195700000000004","0.66285700000000003"
"0.24349100000000001","0.29682199999999997","0.52891100000000002","0.55926500000000001","0.66655299999999995"
"0.246168","0.29967100000000002","0.52466000000000002","0.55592399999999997","0.67087399999999997"
"0.249306","0.30296600000000001","0.52001299999999995","0.55200300000000002","0.67560799999999999"
"0.252826","0.30660100000000001","0.51518799999999998","0.54757699999999998","0.68056000000000005"
"0.25663900000000001","0.31045200000000001","0.51039199999999996","0.54273099999999996","0.685558"
"0.26063799999999998","0.314384","0.50582300000000002","0.53755799999999998","0.69045000000000001"
"0.26470700000000003","0.31825300000000001","0.50166599999999995","0.53216600000000003","0.69509699999999996"
"0.26871299999999998","0.321913","0.49809500000000001","0.526675","0.699376"
"0.27250999999999997","0.32522499999999999","0.49526399999999998","0.52122400000000002","0.70316999999999996"
"0.27594000000000002","0.32806600000000002","0.49329099999999998","0.51597400000000004","0.70637099999999997"
"0.27884100000000001","0.33034200000000002","0.492232","0.51112299999999999","0.70887900000000004"
"0.28105400000000003","0.33199299999999998","0.49203000000000002","0.506942","0.71061300000000005"
"0.282445","0.33298899999999998","0.49240400000000001","0.50387199999999999","0.71157199999999998"
"0.28291899999999998","0.33332099999999998","0.492699","0.502668","0.711866"
"0.28189700000000001","0.33281300000000003","0.491481","0.50555000000000005","0.71115200000000001"
"0.27861000000000002","0.33162599999999998","0.49007200000000001","0.51179399999999997","0.70923899999999995"
"0.27256900000000001","0.330569","0.490033","0.51940799999999998","0.70642300000000002"
"0.26342599999999999","0.33040999999999998","0.491589","0.52756199999999998","0.70294800000000002"
"0.25126399999999999","0.33149000000000001","0.49462299999999998","0.53569199999999995","0.69909600000000005"
"0.23650499999999999","0.33374900000000002","0.498915","0.54334300000000002","0.69519299999999995"
"0.21965299999999999","0.33695900000000001","0.50421000000000005","0.55013400000000001","0.69159000000000004"
"0.201153","0.340862","0.510239","0.55576400000000004","0.68864000000000003"
"0.18135699999999999","0.34521499999999999","0.51672700000000005","0.56003099999999995","0.68667299999999998"
"0.16053899999999999","0.34979399999999999","0.52339500000000005","0.56285499999999999","0.68596000000000001"
"0.13891000000000001","0.354381","0.52996900000000002","0.56430199999999997","0.68667800000000001"
"0.11663999999999999","0.35876200000000003","0.53618299999999997","0.56457199999999996","0.68889800000000001"
"0.093870800000000004","0.36272900000000002","0.54180200000000001","0.56395799999999996","0.69258600000000003"
"0.070720599999999995","0.36607699999999999","0.54663799999999996","0.56277500000000003","0.69760699999999998"
"0.047295499999999997","0.36862299999999998","0.55057","0.56130199999999997","0.70370699999999997"
"0.023691799999999999","0.37021799999999999","0.55348600000000003","0.55979400000000001","0.71037700000000004"
"0.0","0.37076100000000001","0.55480200000000002","0.55893499999999996","0.71511800000000003"
"0.0","0.36444300000000002","0.54014099999999998","0.54391400000000001","0.69569499999999995"
"0.016380100000000002","0.364145","0.53987799999999997","0.54405400000000004","0.69480200000000003"
"0.032730700000000001","0.36324600000000001","0.53916500000000001","0.54441099999999998","0.692303"
"0.049021700000000001","0.36173100000000002","0.53812899999999997","0.54488999999999999","0.68863799999999997"
"0.065222299999999997","0.35957800000000001","0.53687200000000002","0.54543900000000001","0.68427499999999997"
"0.081300499999999998","0.35675800000000002","0.53547599999999995","0.54603400000000002","0.67957299999999998"
"0.097222299999999998","0.35324299999999997","0.53402099999999997","0.54665699999999995","0.67477799999999999"
"0.112951","0.34900700000000001","0.53258300000000003","0.54729099999999997","0.67005700000000001"
"0.128445","0.34403299999999998","0.53123100000000001","0.54791500000000004","0.66553200000000001"
"0.14365700000000001","0.33831800000000001","0.53002000000000005","0.54850600000000005","0.66129499999999997"
"0.158529","0.33187899999999998","0.52898900000000004","0.54904200000000003","0.65741799999999995"
"0.172988","0.32475900000000002","0.52815500000000004","0.54950699999999997","0.65396100000000001"
"0.18692800000000001","0.31704199999999999","0.52751899999999996","0.54988800000000004","0.650972"
"0.200187","0.30887900000000001","0.52706200000000003","0.55018199999999995","0.64848799999999995"
"0.212478","0.30055199999999999","0.52675799999999995","0.55039300000000002","0.64653400000000005"
"0.22323100000000001","0.292628","0.52657200000000004","0.55052999999999996","0.64512899999999995"
"0.231238","0.28631800000000002","0.52647600000000006","0.55060600000000004","0.64428300000000005"
"0.234379","0.28374199999999999","0.52644599999999997","0.55062999999999995","0.64400000000000002"
"0.23469599999999999","0.28409099999999998","0.52585499999999996","0.55019799999999996","0.64460700000000004"
"0.23563899999999999","0.28512599999999999","0.52412300000000001","0.54892200000000002","0.64637500000000003"
"0.23718600000000001","0.28681899999999999","0.52136800000000005","0.54686100000000004","0.64915500000000004"
"0.23930000000000001","0.28911799999999999","0.51776599999999995","0.54408699999999999","0.65274500000000002"
"0.24193100000000001","0.29195700000000002","0.51352200000000003","0.54067799999999999","0.65692300000000003"
"0.24501500000000001","0.29524800000000001","0.508853","0.53671400000000002","0.66147800000000001"
"0.248474","0.29888900000000002","0.50397099999999995","0.532273","0.66621900000000001"
"0.25221900000000003","0.302763","0.499081","0.527443","0.67097600000000002"
"0.25614700000000001","0.30673699999999998","0.49437500000000001","0.52231799999999995","0.67560200000000004"
"0.26014100000000001","0.31067099999999997","0.490039","0.51700500000000005","0.67996400000000001"
"0.264071","0.314419","0.48624600000000001","0.51162399999999997","0.68394100000000002"
"0.267793","0.31784000000000001","0.48315399999999997","0.50631400000000004","0.68741699999999994"
"0.27115299999999998","0.32080199999999998","0.48088599999999998","0.50123600000000001","0.69027300000000003"
"0.27399299999999999","0.32319799999999999","0.47951199999999999","0.49658400000000003","0.69238999999999995"
"0.27615699999999999","0.32495299999999999","0.478993","0.49262299999999998","0.69371499999999997"
"0.27751599999999998","0.326019","0.47909200000000002","0.48976399999999998","0.69436699999999996"
"0.27798","0.32637699999999997","0.47926099999999999","0.48866300000000001","0.694554"
"0.27695999999999998","0.32585799999999998","0.478155","0.49145800000000001","0.69381800000000005"
"0.273677","0.32465899999999998","0.476962","0.49755100000000002","0.69187500000000002"
"0.26763399999999998","0.32361899999999999","0.47712700000000002","0.50503699999999996","0.68906500000000004"
"0.25850099999999998","0.32351600000000003","0.47883100000000001","0.513104","0.68564700000000001"
"0.24639800000000001","0.32466699999999998","0.48194199999999998","0.52118699999999996","0.68190200000000001"
"0.23177200000000001","0.32699400000000001","0.48623499999999997","0.52881999999999996","0.67815199999999998"
"0.21513299999999999","0.33025900000000002","0.49146099999999998","0.535609","0.67474699999999999"
"0.19691900000000001","0.33420800000000001","0.497359","0.54123399999999999","0.67203900000000005"
"0.17746999999999999","0.33860200000000001","0.50366699999999998","0.54547400000000001","0.67035100000000003"
"0.15704899999999999","0.34322000000000003","0.51011799999999996","0.54823999999999995","0.66993199999999997"
"0.13585700000000001","0.34784900000000002","0.51645200000000002","0.549597","0.67092099999999999"
"0.114055","0.35227599999999998","0.52241599999999999","0.54976000000000003","0.67333299999999996"
"0.0917766","0.35629","0.52778899999999995","0.54904200000000003","0.67706100000000002"
"0.069135500000000003","0.359684","0.53239499999999995","0.54778000000000004","0.68188000000000004"
"0.046232000000000002","0.36226999999999998","0.53612499999999996","0.546269","0.68739700000000004"
"0.023158000000000002","0.36389100000000002","0.53888499999999995","0.54476400000000003","0.69281000000000004"
"0.0","0.36444300000000002","0.54014099999999998","0.54391400000000001","0.69569499999999995"
"0.0","0.36582599999999998","0.55998999999999999","0.56563699999999995","0.68998800000000005"
"0.016669699999999999","0.365535","0.55977100000000002","0.56572","0.68941600000000003"
"0.033309400000000003","0.36465599999999998","0.55913199999999996","0.56596000000000002","0.68767100000000003"
"0.049888799999999997","0.363174","0.55812700000000004","0.56633999999999995","0.68479100000000004"
"0.066377000000000005","0.361066","0.55682900000000002","0.56683899999999998","0.68102099999999999"
"0.082741800000000004","0.35830200000000001","0.55532499999999996","0.56743299999999997","0.67670699999999995"
"0.098949200000000001","0.35485100000000003","0.553705","0.56809600000000005","0.67215599999999998"
"0.114963","0.35068199999999999","0.552064","0.56879900000000005","0.66758899999999999"
"0.130743","0.34577400000000003","0.55048399999999997","0.56950800000000001","0.66316799999999998"
"0.14624300000000001","0.34011200000000003","0.54903500000000005","0.57018800000000003","0.65901100000000001"
"0.16141","0.333704","0.547767","0.57080900000000001","0.65520800000000001"
"0.176176","0.32657799999999998","0.54671099999999995","0.57134399999999996","0.65182899999999999"
"0.19044700000000001","0.31879999999999997","0.54587399999999997","0.57177500000000003","0.64892499999999997"
"0.20408100000000001","0.31049300000000002","0.54524899999999998","0.572098","0.64653000000000005"
"0.21682299999999999","0.3019","0.54481000000000002","0.57231799999999999","0.64466500000000004"
"0.22814799999999999","0.29354000000000002","0.54452900000000004","0.57245299999999999","0.64333499999999999"
"0.23683000000000001","0.28663899999999998","0.54437400000000002","0.572523","0.64253899999999997"
"0.24035500000000001","0.28370699999999999","0.54432499999999995","0.57254400000000005","0.64227500000000004"
"0.24068000000000001","0.28404800000000002","0.54369100000000004","0.57198400000000005","0.64297400000000005"
"0.241647","0.28505999999999998","0.54183899999999996","0.57035599999999997","0.64498500000000003"
"0.243233","0.286713","0.53890499999999997","0.56778700000000004","0.64808100000000002"
"0.24540200000000001","0.28895500000000002","0.53508900000000004","0.56442400000000004","0.65197899999999998"
"0.24810199999999999","0.29171799999999998","0.53062299999999996","0.56040100000000004","0.65640100000000001"
"0.25126700000000002","0.29491299999999998","0.52574200000000004","0.55582900000000002","0.66110500000000005"
"0.25481999999999999","0.29843799999999998","0.52067200000000002","0.55081100000000005","0.66589299999999996"
"0.25866899999999998","0.30217300000000002","0.51562200000000002","0.54544499999999996","0.67059999999999997"
"0.26271","0.30598900000000001","0.51078699999999999","0.53983700000000001","0.67508900000000005"
"0.26682499999999998","0.30974600000000002","0.506351","0.53410000000000002","0.67924499999999999"
"0.27087899999999998","0.313303","0.50248199999999998","0.52835900000000002","0.68295799999999995"
"0.27472800000000003","0.316527","0.49933","0.52275499999999997","0.68612499999999998"
"0.27821099999999999","0.319297","0.49701499999999998","0.51744800000000002","0.68863700000000005"
"0.28116099999999999","0.32151999999999997","0.49560100000000001","0.51263099999999995","0.69041200000000003"
"0.283416","0.32313500000000001","0.49505100000000002","0.50856100000000004","0.69147899999999995"
"0.284835","0.32411099999999998","0.49513099999999999","0.50563800000000003","0.69201100000000004"
"0.28532000000000002","0.32443699999999998","0.49529600000000001","0.50451400000000002","0.69216900000000003"
"0.28421200000000002","0.32403799999999999","0.49397200000000002","0.50756400000000002","0.69142099999999995"
"0.28063100000000002","0.32321499999999997","0.49251299999999998","0.51405000000000001","0.68945199999999995"
"0.274063","0.32278800000000002","0.492504","0.52196799999999999","0.68661899999999998"
"0.26427600000000001","0.32339299999999999","0.49414000000000002","0.53053099999999997","0.68316900000000003"
"0.25153399999999998","0.32518000000000002","0.49729699999999999","0.53918999999999995","0.67935500000000004"
"0.236346","0.32799200000000001","0.50175499999999995","0.54747400000000002","0.67547800000000002"
"0.219218","0.331594","0.50725900000000002","0.55496299999999998","0.67188400000000004"
"0.20056199999999999","0.335756","0.51354299999999997","0.56128500000000003","0.66895099999999996"
"0.180699","0.34027099999999999","0.52032800000000001","0.56614500000000001","0.66704699999999995"
"0.15987499999999999","0.344939","0.52732999999999997","0.56938100000000003","0.66647299999999998"
"0.13828499999999999","0.34956199999999998","0.53425900000000004","0.57102299999999995","0.66739000000000004"
"0.11608400000000001","0.35394500000000001","0.540829","0.57130099999999995","0.66978199999999999"
"0.093404600000000004","0.35788999999999999","0.54677100000000001","0.57058699999999996","0.67346700000000004"
"0.070359599999999994","0.36120600000000003","0.55186199999999996","0.56928800000000002","0.678122"
"0.047049800000000003","0.36372100000000002","0.55593300000000001","0.56776199999999999","0.68323"
"0.023567399999999999","0.36529200000000001","0.55881499999999995","0.56633900000000004","0.68784699999999999"
"0.0","0.36582599999999998","0.55998999999999999","0.56563699999999995","0.68998800000000005"
"0.0","0.36684","0.55499399999999999","0.56009500000000001","0.69640299999999999"
"0.016639899999999999","0.36654399999999998","0.55474299999999999","0.56021699999999996","0.695662"
"0.033249599999999997","0.36565199999999998","0.55403899999999995","0.56054599999999999","0.69349799999999995"
"0.049798500000000002","0.36414800000000003","0.55298199999999997","0.56101599999999996","0.69015400000000005"
"0.066255300000000003","0.36201","0.55166999999999999","0.56157599999999996","0.68602399999999997"
"0.082587400000000005","0.35920999999999997","0.55019300000000004","0.56219799999999998","0.68148200000000003"
"0.098760500000000001","0.35571700000000001","0.54863799999999996","0.56285799999999997","0.67680099999999999"
"0.11473800000000001","0.35150300000000001","0.54708699999999999","0.56352999999999998","0.67217300000000002"
"0.13047800000000001","0.34654800000000002","0.54561499999999996","0.56418999999999997","0.66773400000000005"
"0.14593400000000001","0.34084399999999998","0.54428399999999999","0.56480799999999998","0.66358499999999998"
"0.161052","0.334401","0.54313599999999995","0.56535899999999994","0.65980499999999997"
"0.175759","0.32725399999999999","0.54219600000000001","0.56582299999999996","0.65645299999999995"
"0.18995699999999999","0.31947700000000001","0.541466","0.56618900000000005","0.65357500000000002"
"0.20349400000000001","0.31120300000000001","0.54093199999999997","0.56645599999999996","0.65120199999999995"
"0.21610099999999999","0.30269400000000002","0.54056800000000005","0.56663300000000005","0.64935100000000001"
"0.22723199999999999","0.29449199999999998","0.54034199999999999","0.56673700000000005","0.64802899999999997"
"0.235656","0.287825","0.54022099999999995","0.56678899999999999","0.64723699999999995"
"0.23902399999999999","0.28504299999999999","0.54018299999999997","0.566805","0.64697400000000005"
"0.239346","0.28538799999999998","0.53957599999999994","0.56630000000000003","0.64763199999999999"
"0.24030399999999999","0.28641499999999998","0.53779999999999994","0.56482299999999996","0.64953399999999994"
"0.24187500000000001","0.28809099999999999","0.53497499999999998","0.56247000000000003","0.65249500000000005"
"0.24402299999999999","0.29036800000000001","0.53128600000000004","0.55935900000000005","0.65626600000000002"
"0.246696","0.29317500000000002","0.52694700000000005","0.55560100000000001","0.66059599999999996"
"0.24982799999999999","0.29642499999999999","0.52218200000000004","0.55129399999999995","0.66525400000000001"
"0.25334099999999998","0.300016","0.51721200000000001","0.54653099999999999","0.670041"
"0.25714399999999998","0.30382799999999999","0.512243","0.54140500000000003","0.67478899999999997"
"0.26113199999999998","0.30773099999999998","0.50747100000000001","0.53601799999999999","0.67935599999999996"
"0.26518700000000001","0.311585","0.50307900000000005","0.53047800000000001","0.68361400000000005"
"0.269177","0.315247","0.49923800000000002","0.52491100000000002","0.68744899999999998"
"0.27295700000000001","0.318579","0.49609999999999999","0.51945699999999995","0.69074199999999997"
"0.27636899999999998","0.32145699999999999","0.493784","0.51427999999999996","0.69336500000000001"
"0.279254","0.32377899999999998","0.49235200000000001","0.509575","0.69519299999999995"
"0.28145300000000001","0.32547599999999999","0.49176399999999998","0.50560799999999995","0.69623800000000002"
"0.282835","0.32650499999999999","0.49178699999999997","0.50278","0.69672100000000003"
"0.283306","0.32684999999999997","0.49191499999999999","0.50170499999999996","0.69685799999999998"
"0.28223300000000001","0.32641900000000001","0.490643","0.50466200000000005","0.69613800000000003"
"0.278775","0.32547700000000002","0.48917899999999997","0.51102599999999998","0.69422600000000001"
"0.27243600000000001","0.32482899999999998","0.48910999999999999","0.51879399999999998","0.69145400000000001"
"0.26293800000000001","0.32515699999999997","0.49065700000000001","0.52714899999999998","0.68806900000000004"
"0.250471","0.32668599999999998","0.49370599999999998","0.53553399999999995","0.68433200000000005"
"0.23550599999999999","0.32929599999999998","0.49803900000000001","0.543485","0.68054899999999996"
"0.21854899999999999","0.33275399999999999","0.50340300000000004","0.55059999999999998","0.67706"
"0.20002500000000001","0.33682200000000001","0.50952900000000001","0.55654199999999998","0.67422400000000005"
"0.18026300000000001","0.341277","0.51614300000000002","0.56106299999999998","0.67238299999999995"
"0.159521","0.345912","0.52296399999999998","0.56405000000000005","0.67181000000000002"
"0.13799800000000001","0.350522","0.52970700000000004","0.56555500000000003","0.67266300000000001"
"0.115855","0.354906","0.53609799999999996","0.56579599999999997","0.67496100000000003"
"0.093227599999999994","0.35886099999999999","0.541883","0.565106","0.67858600000000002"
"0.070230000000000001","0.36219200000000001","0.54685499999999998","0.56384299999999998","0.68329099999999998"
"0.046964699999999998","0.36471999999999999","0.550867","0.56232700000000002","0.68864899999999996"
"0.023525299999999999","0.36630099999999999","0.55376599999999998","0.56085799999999997","0.69379100000000005"
"0.0","0.36684","0.55499399999999999","0.56009500000000001","0.69640299999999999"
"0.0","0.37074400000000002","0.55346200000000001","0.55809799999999998","0.71168699999999996"
"0.016728300000000002","0.37045499999999998","0.55320899999999995","0.558195","0.71002900000000002"
"0.033425400000000001","0.36958200000000002","0.55248799999999998","0.55845900000000004","0.70633100000000004"
"0.050059899999999997","0.36810999999999999","0.55138200000000004","0.55884500000000004","0.70178799999999997"
"0.066599199999999997","0.36601499999999998","0.549979","0.55932000000000004","0.69688499999999998"
"0.083009399999999997","0.36326700000000001","0.54836799999999997","0.55986000000000002","0.69187799999999999"
"0.099254099999999998","0.35983399999999999","0.54664000000000001","0.56044799999999995","0.68692500000000001"
"0.11529399999999999","0.355688","0.54488599999999998","0.56106100000000003","0.68213900000000005"
"0.13108400000000001","0.35080800000000001","0.54318900000000003","0.56167599999999995","0.67760699999999996"
"0.14657300000000001","0.34518700000000002","0.54161800000000004","0.56226900000000002","0.67339899999999997"
"0.16169800000000001","0.338841","0.54022499999999996","0.56281800000000004","0.66957199999999994"
"0.176375","0.331814","0.53903999999999996","0.56330400000000003","0.66617499999999996"
"0.19048899999999999","0.32419799999999999","0.538076","0.56371300000000002","0.66324799999999995"
"0.20385800000000001","0.31615399999999999","0.53732999999999997","0.56403800000000004","0.66082200000000002"
"0.216168","0.30798999999999999","0.53678400000000004","0.56428","0.65891900000000003"
"0.22681599999999999","0.30030400000000002","0.53641700000000003","0.56444399999999995","0.65755200000000003"
"0.234601","0.29429499999999997","0.53620800000000002","0.56453900000000001","0.65672900000000001"
"0.237597","0.29189100000000001","0.53613999999999995","0.56456899999999999","0.65645399999999998"
"0.23791999999999999","0.29224","0.53551400000000005","0.56420700000000001","0.65705199999999997"
"0.23888100000000001","0.29327300000000001","0.53369299999999997","0.56312300000000004","0.65879699999999997"
"0.24045800000000001","0.29496","0.53082700000000005","0.56132300000000002","0.66155699999999995"
"0.242614","0.29724699999999998","0.52712700000000001","0.55882799999999999","0.66515000000000002"
"0.24529799999999999","0.300062","0.52282499999999998","0.55567299999999997","0.66936799999999996"
"0.248446","0.30331200000000003","0.518154","0.55191199999999996","0.67400700000000002"
"0.25198199999999998","0.30688900000000002","0.51333399999999996","0.54761499999999996","0.67888000000000004"
"0.25581399999999999","0.310668","0.50857399999999997","0.54286599999999996","0.683813"
"0.25983800000000001","0.31451299999999999","0.50406700000000004","0.53776000000000002","0.68865500000000002"
"0.26393800000000001","0.31827800000000001","0.49999900000000003","0.53240799999999999","0.69326600000000005"
"0.26798","0.32181999999999999","0.49654100000000001","0.52693400000000001","0.69751799999999997"
"0.271818","0.32500099999999998","0.49384099999999997","0.52147900000000003","0.70129399999999997"
"0.27529300000000001","0.327708","0.49201","0.51620699999999997","0.70448100000000002"
"0.27823700000000001","0.32985700000000001","0.49109000000000003","0.511324","0.70698099999999997"
"0.28048800000000002","0.331401","0.49100700000000003","0.50710900000000003","0.70872000000000002"
"0.28190399999999999","0.33232600000000001","0.491452","0.50402400000000003","0.7097"
"0.28238799999999997","0.33263300000000001","0.49176399999999998","0.50282099999999996","0.71000799999999997"
"0.28134599999999998","0.33217799999999997","0.49051899999999998","0.50568400000000002","0.70932099999999998"
"0.27801300000000001","0.33113100000000001","0.488958","0.51194899999999999","0.70745499999999995"
"0.271928","0.33024799999999999","0.48870799999999998","0.51958199999999999","0.70469199999999999"
"0.26277299999999998","0.33024199999999998","0.49005599999999999","0.52771900000000005","0.70127799999999996"
"0.25063999999999997","0.33142700000000003","0.49291299999999999","0.53579399999999999","0.697488"
"0.23593500000000001","0.33374999999999999","0.49706899999999998","0.543354","0.693635"
"0.21914800000000001","0.33699400000000002","0.50226899999999997","0.55003299999999999","0.69005700000000003"
"0.200713","0.34091199999999999","0.50824499999999995","0.55554099999999995","0.68709699999999996"
"0.18098","0.34526899999999999","0.51471900000000004","0.55968899999999999","0.68507600000000002"
"0.160219","0.34984300000000002","0.52141099999999996","0.56241099999999999","0.68425800000000003"
"0.13864299999999999","0.35442099999999999","0.52803999999999995","0.56377699999999997","0.68482299999999996"
"0.116423","0.35879100000000003","0.53433900000000001","0.56398599999999999","0.68685200000000002"
"0.093699699999999997","0.36274400000000001","0.54006500000000002","0.56332000000000004","0.69032400000000005"
"0.070593799999999998","0.36608000000000002","0.54502499999999998","0.562083","0.69511800000000001"
"0.047211700000000002","0.368616","0.54908599999999996","0.56054700000000002","0.700986"
"0.023650000000000001","0.370203","0.55210999999999999","0.55897699999999995","0.70738000000000001"
"0.0","0.37074400000000002","0.55346200000000001","0.55809799999999998","0.71168699999999996"
